date,kind,fund_code,fund_name,price,shares_outstanding,investor_count,portfolio_size,exchange_bulletin_price,gunluk_getiri_%
2026-09-02,YAT,BKY,YAPI KREDİ PORTFÖY BİRİNCİ KATILIM SERBEST (DÖVİZ) FON,50.204948,156300866.0,1031,7847076892.39,,
2026-09-03,YAT,BKY,YAPI KREDİ PORTFÖY BİRİNCİ KATILIM SERBEST (DÖVİZ) FON,50.230957,157704785.0,1041,7921662237.1,,0.05180565070994625
2026-09-04,YAT,BKY,YAPI KREDİ PORTFÖY BİRİNCİ KATILIM SERBEST (DÖVİZ) FON,50.254993,156661463.0,1051,7873020742.71,,0.047850969671947574
2026-09-07,YAT,BKY,YAPI KREDİ PORTFÖY BİRİNCİ KATILIM SERBEST (DÖVİZ) FON,50.283113,159241492.0,1061,8007157900.43,,0.05595463917387189
2026-09-08,YAT,BKY,YAPI KREDİ PORTFÖY BİRİNCİ KATILIM SERBEST (DÖVİZ) FON,50.408746,159241492.0,1061,8027163846.87,,0.24985127710768218
2026-09-09,YAT,BKY,YAPI KREDİ PORTFÖY BİRİNCİ KATILIM SERBEST (DÖVİZ) FON,50.442427,162591053.0,1065,8201487337.69,,0.0668157862923291
2026-09-10,YAT,BKY,YAPI KREDİ PORTFÖY BİRİNCİ KATILIM SERBEST (DÖVİZ) FON,50.46804,158417982.0,1070,7995045008.79,,0.05077670033601933
2026-09-11,YAT,BKY,YAPI KREDİ PORTFÖY BİRİNCİ KATILIM SERBEST (DÖVİZ) FON,50.491927,164895752.0,1079,8325904282.61,,0.04733094449476116
2026-09-14,YAT,BKY,YAPI KREDİ PORTFÖY BİRİNCİ KATILIM SERBEST (DÖVİZ) FON,50.535599,165029930.0,1084,8339886444.34,,0.08649303481722548
2026-09-15,YAT,BKY,YAPI KREDİ PORTFÖY BİRİNCİ KATILIM SERBEST (DÖVİZ) FON,50.651328,163395235.0,1091,8276185629.95,,0.22900490404793583
2026-09-16,YAT,BKY,YAPI KREDİ PORTFÖY BİRİNCİ KATILIM SERBEST (DÖVİZ) FON,50.683359,161709719.0,1092,8195991744.57,,0.06323822348746067
2026-09-17,YAT,BKY,YAPI KREDİ PORTFÖY BİRİNCİ KATILIM SERBEST (DÖVİZ) FON,50.710334,172802343.0,1101,8762864514.46,,0.05322259718421041
2026-09-18,YAT,BKY,YAPI KREDİ PORTFÖY BİRİNCİ KATILIM SERBEST (DÖVİZ) FON,50.72715,172693874.0,1098,8760268066.96,,0.03316089379337139
2026-09-21,YAT,BKY,YAPI KREDİ PORTFÖY BİRİNCİ KATILIM SERBEST (DÖVİZ) FON,50.771228,174143074.0,1078,8841457794.55,,0.08689232491869703
2026-09-22,YAT,BKY,YAPI KREDİ PORTFÖY BİRİNCİ KATILIM SERBEST (DÖVİZ) FON,50.884415,173258942.0,1076,8816179987.96,,0.22293532076866907
2026-09-23,YAT,BKY,YAPI KREDİ PORTFÖY BİRİNCİ KATILIM SERBEST (DÖVİZ) FON,50.91117,168205894.0,1058,8563558798.2,,0.052579950069198134
2026-09-24,YAT,BKY,YAPI KREDİ PORTFÖY BİRİNCİ KATILIM SERBEST (DÖVİZ) FON,50.936446,167049993.0,1051,8508933011.14,,0.049647258155727236
2026-09-25,YAT,BKY,YAPI KREDİ PORTFÖY BİRİNCİ KATILIM SERBEST (DÖVİZ) FON,50.961518,163956436.0,1059,8355468916.66,,0.049222122799852386
2026-09-28,YAT,BKY,YAPI KREDİ PORTFÖY BİRİNCİ KATILIM SERBEST (DÖVİZ) FON,51.004607,167448759.0,1070,8540658099.3,,0.08455203394843736
2026-09-29,YAT,BKY,YAPI KREDİ PORTFÖY BİRİNCİ KATILIM SERBEST (DÖVİZ) FON,51.127378,166720936.0,1075,8524004342.0,,0.2407057072315144
2026-09-30,YAT,BKY,YAPI KREDİ PORTFÖY BİRİNCİ KATILIM SERBEST (DÖVİZ) FON,51.147392,165724894.0,1078,8476396169.29,,0.039145367478066184
2026-10-01,YAT,BKY,YAPI KREDİ PORTFÖY BİRİNCİ KATILIM SERBEST (DÖVİZ) FON,51.172095,167179211.0,1076,8554910442.1,,0.04829767273373253
2026-10-02,YAT,BKY,YAPI KREDİ PORTFÖY BİRİNCİ KATILIM SERBEST (DÖVİZ) FON,51.196174,168957608.0,1077,8649983101.75,,0.04705494273784527
2026-10-05,YAT,BKY,YAPI KREDİ PORTFÖY BİRİNCİ KATILIM SERBEST (DÖVİZ) FON,51.23935,178282240.0,1086,9135066133.88,,0.08433442702182603
2026-10-06,YAT,BKY,YAPI KREDİ PORTFÖY BİRİNCİ KATILIM SERBEST (DÖVİZ) FON,51.354791,179130561.0,1101,9199212463.63,,0.22529754963713788
2026-10-07,YAT,BKY,YAPI KREDİ PORTFÖY BİRİNCİ KATILIM SERBEST (DÖVİZ) FON,51.381045,181755592.0,1107,9338792201.21,,0.05112278618757404
2026-09-02,YAT,CFO,ROTA PORTFÖY İKİNCİ PARA PİYASASI FONU,2.549617,734866723.0,466,1873628671.15,,
2026-09-03,YAT,CFO,ROTA PORTFÖY İKİNCİ PARA PİYASASI FONU,2.552441,734568262.0,466,1874941882.18,,0.11076173401729505
2026-09-04,YAT,CFO,ROTA PORTFÖY İKİNCİ PARA PİYASASI FONU,2.554656,732637417.0,465,1871636816.95,,0.08677967482892956
2026-09-07,YAT,CFO,ROTA PORTFÖY İKİNCİ PARA PİYASASI FONU,2.560849,737431367.0,465,1888450371.39,,0.2424201144890059
2026-09-08,YAT,CFO,ROTA PORTFÖY İKİNCİ PARA PİYASASI FONU,2.564514,732915561.0,462,1879572140.54,,0.14311659922157105
2026-09-09,YAT,CFO,ROTA PORTFÖY İKİNCİ PARA PİYASASI FONU,2.567117,755665533.0,466,1939881488.14,,0.10150071319556808
2026-09-10,YAT,CFO,ROTA PORTFÖY İKİNCİ PARA PİYASASI FONU,2.569997,727282495.0,463,1869114193.86,,0.11218810829423109
2026-09-11,YAT,CFO,ROTA PORTFÖY İKİNCİ PARA PİYASASI FONU,2.572725,726205765.0,460,1868327815.84,,0.1061479838303514
2026-09-14,YAT,CFO,ROTA PORTFÖY İKİNCİ PARA PİYASASI FONU,2.580702,747348590.0,460,1928683833.84,,0.3100603445762795
2026-09-15,YAT,CFO,ROTA PORTFÖY İKİNCİ PARA PİYASASI FONU,2.583391,746898139.0,460,1929530043.44,,0.10419645507309117
2026-09-16,YAT,CFO,ROTA PORTFÖY İKİNCİ PARA PİYASASI FONU,2.585621,744435711.0,456,1924828719.58,,0.08632065374540865
2026-09-17,YAT,CFO,ROTA PORTFÖY İKİNCİ PARA PİYASASI FONU,2.586847,740914975.0,452,1916633372.62,,0.04741607528713221
2026-09-18,YAT,CFO,ROTA PORTFÖY İKİNCİ PARA PİYASASI FONU,2.589751,682350626.0,410,1767118479.11,,0.1122602148484253
2026-09-21,YAT,CFO,ROTA PORTFÖY İKİNCİ PARA PİYASASI FONU,2.597908,648485957.0,393,1684707176.1,,0.3149723660691661
2026-09-22,YAT,CFO,ROTA PORTFÖY İKİNCİ PARA PİYASASI FONU,2.599978,636819678.0,373,1655716935.56,,0.0796794959636804
2026-09-23,YAT,CFO,ROTA PORTFÖY İKİNCİ PARA PİYASASI FONU,2.603069,625698324.0,368,1628736198.44,,0.11888562133988145
2026-09-24,YAT,CFO,ROTA PORTFÖY İKİNCİ PARA PİYASASI FONU,2.605837,623575615.0,360,1624936361.11,,0.1063360210582287
2026-09-25,YAT,CFO,ROTA PORTFÖY İKİNCİ PARA PİYASASI FONU,2.608303,624102268.0,361,1627847895.46,,0.09463370118698577
2026-09-28,YAT,CFO,ROTA PORTFÖY İKİNCİ PARA PİYASASI FONU,2.615856,632086451.0,358,1653447377.81,,0.2895752525684303
2026-09-29,YAT,CFO,ROTA PORTFÖY İKİNCİ PARA PİYASASI FONU,2.618243,627983938.0,354,1644214529.44,,0.09125120037190015
2026-09-30,YAT,CFO,ROTA PORTFÖY İKİNCİ PARA PİYASASI FONU,2.620863,633787595.0,350,1661070447.53,,0.10006710607073366
2026-10-01,YAT,CFO,ROTA PORTFÖY İKİNCİ PARA PİYASASI FONU,2.623315,623404352.0,348,1635386088.34,,0.09355696959358895
2026-10-02,YAT,CFO,ROTA PORTFÖY İKİNCİ PARA PİYASASI FONU,2.625847,613860614.0,344,1611904138.46,,0.09651909892636201
2026-10-05,YAT,CFO,ROTA PORTFÖY İKİNCİ PARA PİYASASI FONU,2.633729,611617204.0,342,1610834020.49,,0.30016981187404035
2026-10-06,YAT,CFO,ROTA PORTFÖY İKİNCİ PARA PİYASASI FONU,2.63604,609754164.0,342,1607336502.75,,0.0877463095101838
2026-10-07,YAT,CFO,ROTA PORTFÖY İKİNCİ PARA PİYASASI FONU,2.638706,595061408.0,340,1570191988.92,,0.10113655331482896
2026-09-02,YAT,DCB,DENİZ PORTFÖY PARA PİYASASI SERBEST (TL) FON,4.828452,28809863626.0,22269,139107057690.96,,
2026-09-03,YAT,DCB,DENİZ PORTFÖY PARA PİYASASI SERBEST (TL) FON,4.833331,28490244017.0,22269,137702770993.22,,0.10104687796419487
2026-09-04,YAT,DCB,DENİZ PORTFÖY PARA PİYASASI SERBEST (TL) FON,4.838221,29081410243.0,22270,140702281910.78,,0.1011724626349686
2026-09-07,YAT,DCB,DENİZ PORTFÖY PARA PİYASASI SERBEST (TL) FON,4.852929,28652522820.0,22233,139048655085.39,,0.3039960349062065
2026-09-08,YAT,DCB,DENİZ PORTFÖY PARA PİYASASI SERBEST (TL) FON,4.857847,28256022902.0,22117,137263422856.21,,0.10134086033404266
2026-09-09,YAT,DCB,DENİZ PORTFÖY PARA PİYASASI SERBEST (TL) FON,4.862744,28507533522.0,22132,138624850852.77,,0.10080597433390626
2026-09-10,YAT,DCB,DENİZ PORTFÖY PARA PİYASASI SERBEST (TL) FON,4.867649,27820295906.0,22102,135419424964.83,,0.10086897438976727
2026-09-11,YAT,DCB,DENİZ PORTFÖY PARA PİYASASI SERBEST (TL) FON,4.87256,27691740084.0,22043,134929663772.5,,0.1008905942067706
2026-09-14,YAT,DCB,DENİZ PORTFÖY PARA PİYASASI SERBEST (TL) FON,4.887267,27411625955.0,22049,133967928645.16,,0.30183312262956896
2026-09-15,YAT,DCB,DENİZ PORTFÖY PARA PİYASASI SERBEST (TL) FON,4.892166,27086632578.0,21991,132512309647.36,,0.10024007282598557
2026-09-16,YAT,DCB,DENİZ PORTFÖY PARA PİYASASI SERBEST (TL) FON,4.897061,27093527696.0,21987,132678644755.72,,0.10005792935072755
2026-09-17,YAT,DCB,DENİZ PORTFÖY PARA PİYASASI SERBEST (TL) FON,4.901948,27448744640.0,22026,134552323263.37,,0.0997945502414721
2026-09-18,YAT,DCB,DENİZ PORTFÖY PARA PİYASASI SERBEST (TL) FON,4.906812,27252847812.0,21873,133724604544.67,,0.09922585878103796
2026-09-21,YAT,DCB,DENİZ PORTFÖY PARA PİYASASI SERBEST (TL) FON,4.921328,27020848048.0,21824,132978443944.7,,0.29583362884086917
2026-09-22,YAT,DCB,DENİZ PORTFÖY PARA PİYASASI SERBEST (TL) FON,4.926189,26796918686.0,21647,132006696840.96,,0.09877415201751116
2026-09-23,YAT,DCB,DENİZ PORTFÖY PARA PİYASASI SERBEST (TL) FON,4.931042,26862761675.0,21648,132461408122.52,,0.09851428761664671
2026-09-24,YAT,DCB,DENİZ PORTFÖY PARA PİYASASI SERBEST (TL) FON,4.93591,26635806543.0,21605,131471955224.39,,0.09872152782313126
2026-09-25,YAT,DCB,DENİZ PORTFÖY PARA PİYASASI SERBEST (TL) FON,4.940787,26347513063.0,21550,130177439751.74,,0.09880650173930139
2026-09-28,YAT,DCB,DENİZ PORTFÖY PARA PİYASASI SERBEST (TL) FON,4.95547,26436565906.0,21516,131005609901.31,,0.297179376483947
2026-09-29,YAT,DCB,DENİZ PORTFÖY PARA PİYASASI SERBEST (TL) FON,4.960365,26062228559.0,21333,129278162934.28,,0.09877973229583947
2026-09-30,YAT,DCB,DENİZ PORTFÖY PARA PİYASASI SERBEST (TL) FON,4.965258,26145921506.0,21389,129821249980.12,,0.09864193461570636
2026-10-01,YAT,DCB,DENİZ PORTFÖY PARA PİYASASI SERBEST (TL) FON,4.97019,24677226687.0,21197,122650509004.56,,0.09933018586343323
2026-10-02,YAT,DCB,DENİZ PORTFÖY PARA PİYASASI SERBEST (TL) FON,4.975085,24885473725.0,21303,123807346702.89,,0.09848718057057226
2026-10-05,YAT,DCB,DENİZ PORTFÖY PARA PİYASASI SERBEST (TL) FON,4.989774,24772207384.0,21320,123607728070.47,,0.2952512369135407
2026-10-06,YAT,DCB,DENİZ PORTFÖY PARA PİYASASI SERBEST (TL) FON,4.994687,24415667323.0,21131,121948604351.5,,0.09846137320046466
2026-10-07,YAT,DCB,DENİZ PORTFÖY PARA PİYASASI SERBEST (TL) FON,4.999593,24013986515.0,21144,120060160816.2,,0.09822437321898025
2026-09-02,YAT,GJH,GARANTİ PORTFÖY PARA PİYASASI SERBEST (TL) FON,3.982558,22937777388.0,23706,91351035160.05,,
2026-09-03,YAT,GJH,GARANTİ PORTFÖY PARA PİYASASI SERBEST (TL) FON,3.986522,23050780930.0,23628,91892442559.12,,0.09953401808586726
2026-09-04,YAT,GJH,GARANTİ PORTFÖY PARA PİYASASI SERBEST (TL) FON,3.990387,36500883130.0,23917,145652631942.61,,0.09695167868131183
2026-09-07,YAT,GJH,GARANTİ PORTFÖY PARA PİYASASI SERBEST (TL) FON,4.002147,37792419315.0,23895,151250814748.86,,0.2947082576201243
2026-09-08,YAT,GJH,GARANTİ PORTFÖY PARA PİYASASI SERBEST (TL) FON,4.006202,24193513284.0,23401,96924103159.96,,0.1013206161592839
2026-09-09,YAT,GJH,GARANTİ PORTFÖY PARA PİYASASI SERBEST (TL) FON,4.010185,23847436907.0,23281,95632642793.61,,0.09942084797520678
2026-09-10,YAT,GJH,GARANTİ PORTFÖY PARA PİYASASI SERBEST (TL) FON,4.014169,23606970071.0,23172,94762361193.94,,0.09934703760550168
2026-09-11,YAT,GJH,GARANTİ PORTFÖY PARA PİYASASI SERBEST (TL) FON,4.018159,23027831493.0,23075,92529477239.11,,0.09939790776123392
2026-09-14,YAT,GJH,GARANTİ PORTFÖY PARA PİYASASI SERBEST (TL) FON,4.029983,29680699545.0,23193,119612701964.41,,0.29426411448625345
2026-09-15,YAT,GJH,GARANTİ PORTFÖY PARA PİYASASI SERBEST (TL) FON,4.034001,23630432266.0,22941,95325181537.71,,0.09970265383254517
2026-09-16,YAT,GJH,GARANTİ PORTFÖY PARA PİYASASI SERBEST (TL) FON,4.037891,35064446602.0,23175,141586425552.03,,0.09643031818782344
2026-09-17,YAT,GJH,GARANTİ PORTFÖY PARA PİYASASI SERBEST (TL) FON,4.041839,35244197864.0,23266,142451384491.34,,0.09777381311184552
2026-09-18,YAT,GJH,GARANTİ PORTFÖY PARA PİYASASI SERBEST (TL) FON,4.045783,35321921723.0,23339,142904821193.31,,0.09757934445187022
2026-09-21,YAT,GJH,GARANTİ PORTFÖY PARA PİYASASI SERBEST (TL) FON,4.057512,32424229021.0,23324,131561711811.98,,0.28990679925244844
2026-09-22,YAT,GJH,GARANTİ PORTFÖY PARA PİYASASI SERBEST (TL) FON,4.061422,34508971690.0,23108,140155496049.94,,0.09636447162695294
2026-09-23,YAT,GJH,GARANTİ PORTFÖY PARA PİYASASI SERBEST (TL) FON,4.065385,29985361008.0,23166,121902040995.16,,0.09757666157319544
2026-09-24,YAT,GJH,GARANTİ PORTFÖY PARA PİYASASI SERBEST (TL) FON,4.069356,27267549673.0,23024,110961367079.34,,0.09767832566902612
2026-09-25,YAT,GJH,GARANTİ PORTFÖY PARA PİYASASI SERBEST (TL) FON,4.073319,27074518485.0,22916,110283138740.03,,0.09738641691707794
2026-09-28,YAT,GJH,GARANTİ PORTFÖY PARA PİYASASI SERBEST (TL) FON,4.085228,28754050806.0,22906,117466865710.05,,0.2923660042339016
2026-09-29,YAT,GJH,GARANTİ PORTFÖY PARA PİYASASI SERBEST (TL) FON,4.089209,28509065751.0,22760,116579539189.39,,0.09744866137215702
2026-09-30,YAT,GJH,GARANTİ PORTFÖY PARA PİYASASI SERBEST (TL) FON,4.093196,28143974919.0,22732,115198818136.74,,0.0975005190490208
2026-10-01,YAT,GJH,GARANTİ PORTFÖY PARA PİYASASI SERBEST (TL) FON,4.097157,31743684336.0,22753,130058873374.99,,0.0967703476696613
2026-10-02,YAT,GJH,GARANTİ PORTFÖY PARA PİYASASI SERBEST (TL) FON,4.101132,31909138987.0,23077,130863575039.84,,0.09701849355538972
2026-10-05,YAT,GJH,GARANTİ PORTFÖY PARA PİYASASI SERBEST (TL) FON,4.11306,31693921061.0,23158,130358996977.31,,0.2908465272515093
2026-10-06,YAT,GJH,GARANTİ PORTFÖY PARA PİYASASI SERBEST (TL) FON,4.117052,28115302312.0,23032,115752166637.03,,0.09705669258410765
2026-10-07,YAT,GJH,GARANTİ PORTFÖY PARA PİYASASI SERBEST (TL) FON,4.121054,24138329633.0,22894,99475371497.4,,0.09720547615137409
2026-09-02,YAT,GTL,GARANTİ PORTFÖY BİRİNCİ PARA PİYASASI (TL) FONU,0.136328,1594545676077.0,351515,217381996135.51,,
2026-09-03,YAT,GTL,GARANTİ PORTFÖY BİRİNCİ PARA PİYASASI (TL) FONU,0.13647,1606528900579.0,352294,219243650716.33,,0.1041605539580992
2026-09-04,YAT,GTL,GARANTİ PORTFÖY BİRİNCİ PARA PİYASASI (TL) FONU,0.136601,1586946729892.0,352243,216778598625.1,,0.09599179306807315
2026-09-07,YAT,GTL,GARANTİ PORTFÖY BİRİNCİ PARA PİYASASI (TL) FONU,0.136988,1602855872041.0,353053,219572221061.96,,0.2833068571972408
2026-09-08,YAT,GTL,GARANTİ PORTFÖY BİRİNCİ PARA PİYASASI (TL) FONU,0.137139,1595607581898.0,352479,218820769724.78,,0.110228633164966
2026-09-09,YAT,GTL,GARANTİ PORTFÖY BİRİNCİ PARA PİYASASI (TL) FONU,0.137281,1538083688652.0,352899,211149150064.61,,0.10354457885792812
2026-09-10,YAT,GTL,GARANTİ PORTFÖY BİRİNCİ PARA PİYASASI (TL) FONU,0.137425,1494310390418.0,352826,205356080742.9,,0.10489434080462878
2026-09-11,YAT,GTL,GARANTİ PORTFÖY BİRİNCİ PARA PİYASASI (TL) FONU,0.137571,1460089356553.0,352603,200866339425.61,,0.10623976714572159
2026-09-14,YAT,GTL,GARANTİ PORTFÖY BİRİNCİ PARA PİYASASI (TL) FONU,0.13796,1431703135841.0,352845,197518093454.08,,0.2827630823356575
2026-09-15,YAT,GTL,GARANTİ PORTFÖY BİRİNCİ PARA PİYASASI (TL) FONU,0.138104,1485431245934.0,351942,205144670310.06,,0.10437808060308473
2026-09-16,YAT,GTL,GARANTİ PORTFÖY BİRİNCİ PARA PİYASASI (TL) FONU,0.138222,1433648682712.0,352262,198162468459.27,,0.08544285466025592
2026-09-17,YAT,GTL,GARANTİ PORTFÖY BİRİNCİ PARA PİYASASI (TL) FONU,0.138284,1347219231888.0,352047,186299119163.67,,0.0448553775809879
2026-09-18,YAT,GTL,GARANTİ PORTFÖY BİRİNCİ PARA PİYASASI (TL) FONU,0.138419,1226098209923.0,350115,169715615087.86,,0.097625177171623
2026-09-21,YAT,GTL,GARANTİ PORTFÖY BİRİNCİ PARA PİYASASI (TL) FONU,0.138844,1272072344297.0,349927,176620221881.43,,0.30703877357878273
2026-09-22,YAT,GTL,GARANTİ PORTFÖY BİRİNCİ PARA PİYASASI (TL) FONU,0.138975,1229179909450.0,348317,170825406258.53,,0.09435049407968688
2026-09-23,YAT,GTL,GARANTİ PORTFÖY BİRİNCİ PARA PİYASASI (TL) FONU,0.139126,1236267963101.0,348488,171996679300.37,,0.10865263536607994
2026-09-24,YAT,GTL,GARANTİ PORTFÖY BİRİNCİ PARA PİYASASI (TL) FONU,0.139278,1282011371792.0,348904,178556312493.72,,0.10925348245476307
2026-09-25,YAT,GTL,GARANTİ PORTFÖY BİRİNCİ PARA PİYASASI (TL) FONU,0.139409,1251554944726.0,348972,174478102656.66,,0.0940564913338715
2026-09-28,YAT,GTL,GARANTİ PORTFÖY BİRİNCİ PARA PİYASASI (TL) FONU,0.1398,1250059037579.0,349211,174758113732.88,,0.2804696970783782
2026-09-29,YAT,GTL,GARANTİ PORTFÖY BİRİNCİ PARA PİYASASI (TL) FONU,0.139933,1232808605355.0,347879,172510662636.06,,0.09513590844063557
2026-09-30,YAT,GTL,GARANTİ PORTFÖY BİRİNCİ PARA PİYASASI (TL) FONU,0.140064,1228517661521.0,347832,172070602086.86,,0.09361623062464908
2026-10-01,YAT,GTL,GARANTİ PORTFÖY BİRİNCİ PARA PİYASASI (TL) FONU,0.140184,1200845118009.0,348011,168339240569.12,,0.08567511994517218
2026-10-02,YAT,GTL,GARANTİ PORTFÖY BİRİNCİ PARA PİYASASI (TL) FONU,0.140319,1207148917796.0,350164,169386413828.85,,0.09630200308166081
2026-10-05,YAT,GTL,GARANTİ PORTFÖY BİRİNCİ PARA PİYASASI (TL) FONU,0.140723,1214624876087.0,351324,170926067710.65,,0.2879153927835665
2026-10-06,YAT,GTL,GARANTİ PORTFÖY BİRİNCİ PARA PİYASASI (TL) FONU,0.140861,1195379542264.0,350623,168382096423.99,,0.09806499292936977
2026-10-07,YAT,GTL,GARANTİ PORTFÖY BİRİNCİ PARA PİYASASI (TL) FONU,0.141005,1238938998512.0,351095,174696274904.5,,0.10222843796368064
2026-09-02,YAT,HKV,ZİRAAT PORTFÖY HALKBANK KISA VADELİ BORÇLANMA ARAÇLARI (TL) FONU,598.614185,7258420.0,37690,4344993170.45,,
2026-09-03,YAT,HKV,ZİRAAT PORTFÖY HALKBANK KISA VADELİ BORÇLANMA ARAÇLARI (TL) FONU,599.194168,7259669.0,37510,4349951330.0,,0.09688761384762934
2026-09-04,YAT,HKV,ZİRAAT PORTFÖY HALKBANK KISA VADELİ BORÇLANMA ARAÇLARI (TL) FONU,599.618945,7149419.0,37411,4286927075.41,,0.07089137756761676
2026-09-07,YAT,HKV,ZİRAAT PORTFÖY HALKBANK KISA VADELİ BORÇLANMA ARAÇLARI (TL) FONU,600.78192,7041823.0,37291,4230599939.95,,0.1939523441841784
2026-09-08,YAT,HKV,ZİRAAT PORTFÖY HALKBANK KISA VADELİ BORÇLANMA ARAÇLARI (TL) FONU,601.666446,7007966.0,37179,4216457997.35,,0.1472291309964735
2026-09-09,YAT,HKV,ZİRAAT PORTFÖY HALKBANK KISA VADELİ BORÇLANMA ARAÇLARI (TL) FONU,602.494611,7101239.0,37100,4278458230.65,,0.13764520283718884
2026-09-10,YAT,HKV,ZİRAAT PORTFÖY HALKBANK KISA VADELİ BORÇLANMA ARAÇLARI (TL) FONU,603.128042,7144241.0,37034,4308892088.42,,0.1051347163004035
2026-09-11,YAT,HKV,ZİRAAT PORTFÖY HALKBANK KISA VADELİ BORÇLANMA ARAÇLARI (TL) FONU,603.798379,7427738.0,37048,4484856165.45,,0.1111433979718468
2026-09-14,YAT,HKV,ZİRAAT PORTFÖY HALKBANK KISA VADELİ BORÇLANMA ARAÇLARI (TL) FONU,605.467061,7468109.0,36991,4521694005.36,,0.2763641072974776
2026-09-15,YAT,HKV,ZİRAAT PORTFÖY HALKBANK KISA VADELİ BORÇLANMA ARAÇLARI (TL) FONU,606.136478,7462164.0,36789,4523089802.15,,0.1105620839050081
2026-09-16,YAT,HKV,ZİRAAT PORTFÖY HALKBANK KISA VADELİ BORÇLANMA ARAÇLARI (TL) FONU,606.436528,8308776.0,38358,5038745270.23,,0.049502052902350435
2026-09-17,YAT,HKV,ZİRAAT PORTFÖY HALKBANK KISA VADELİ BORÇLANMA ARAÇLARI (TL) FONU,606.530341,7761004.0,37972,4707284399.46,,0.015469549683855277
2026-09-18,YAT,HKV,ZİRAAT PORTFÖY HALKBANK KISA VADELİ BORÇLANMA ARAÇLARI (TL) FONU,606.864974,7420802.0,37676,4503424813.95,,0.055171683488786094
2026-09-21,YAT,HKV,ZİRAAT PORTFÖY HALKBANK KISA VADELİ BORÇLANMA ARAÇLARI (TL) FONU,608.644848,7285201.0,37487,4434100053.85,,0.2932899534913824
2026-09-22,YAT,HKV,ZİRAAT PORTFÖY HALKBANK KISA VADELİ BORÇLANMA ARAÇLARI (TL) FONU,609.186073,7159657.0,37296,4361563329.28,,0.08892295758000657
2026-09-23,YAT,HKV,ZİRAAT PORTFÖY HALKBANK KISA VADELİ BORÇLANMA ARAÇLARI (TL) FONU,609.938628,7121267.0,37056,4343535824.84,,0.12353450503128638
2026-09-24,YAT,HKV,ZİRAAT PORTFÖY HALKBANK KISA VADELİ BORÇLANMA ARAÇLARI (TL) FONU,610.733763,7181533.0,36966,4386004673.07,,0.13036311581169358
2026-09-25,YAT,HKV,ZİRAAT PORTFÖY HALKBANK KISA VADELİ BORÇLANMA ARAÇLARI (TL) FONU,611.284741,7373029.0,36944,4507020123.77,,0.09021574266561139
2026-09-28,YAT,HKV,ZİRAAT PORTFÖY HALKBANK KISA VADELİ BORÇLANMA ARAÇLARI (TL) FONU,612.966901,7474987.0,36944,4581919618.86,,0.27518435962397003
2026-09-29,YAT,HKV,ZİRAAT PORTFÖY HALKBANK KISA VADELİ BORÇLANMA ARAÇLARI (TL) FONU,613.530623,7340363.0,36867,4503537486.69,,0.09196614027286998
2026-09-30,YAT,HKV,ZİRAAT PORTFÖY HALKBANK KISA VADELİ BORÇLANMA ARAÇLARI (TL) FONU,614.084194,7274713.0,36575,4467286267.22,,0.09022711813360118
2026-10-01,YAT,HKV,ZİRAAT PORTFÖY HALKBANK KISA VADELİ BORÇLANMA ARAÇLARI (TL) FONU,614.568517,7027759.0,36467,4319039423.68,,0.07886915259049943
2026-10-02,YAT,HKV,ZİRAAT PORTFÖY HALKBANK KISA VADELİ BORÇLANMA ARAÇLARI (TL) FONU,615.207619,7588554.0,37313,4668536234.34,,0.10399198499781992
2026-10-05,YAT,HKV,ZİRAAT PORTFÖY HALKBANK KISA VADELİ BORÇLANMA ARAÇLARI (TL) FONU,616.905894,7267613.0,37128,4483433298.62,,0.27604908449614385
2026-10-06,YAT,HKV,ZİRAAT PORTFÖY HALKBANK KISA VADELİ BORÇLANMA ARAÇLARI (TL) FONU,617.591776,7149993.0,37018,4415776878.28,,0.11118097698057383
2026-10-07,YAT,HKV,ZİRAAT PORTFÖY HALKBANK KISA VADELİ BORÇLANMA ARAÇLARI (TL) FONU,618.288869,7155485.0,36846,4424156726.01,,0.11287277892768621
2026-09-02,YAT,HLL,ZİRAAT PORTFÖY HALKBANK PARA PİYASASI (TL) FONU,0.386974,132489729123.95,1031866,51270051014.36,,
2026-09-03,YAT,HLL,ZİRAAT PORTFÖY HALKBANK PARA PİYASASI (TL) FONU,0.387372,133512778183.95,1031052,51719057770.9,,0.10284928703221397
2026-09-04,YAT,HLL,ZİRAAT PORTFÖY HALKBANK PARA PİYASASI (TL) FONU,0.387729,135308263459.95,1030510,52462885580.25,,0.09215947461354013
2026-09-07,YAT,HLL,ZİRAAT PORTFÖY HALKBANK PARA PİYASASI (TL) FONU,0.388708,134105414224.95,1030239,52127834563.15,,0.25249594433225386
2026-09-08,YAT,HLL,ZİRAAT PORTFÖY HALKBANK PARA PİYASASI (TL) FONU,0.389184,130769881728.95,1029852,50893520386.16,,0.12245695998023276
2026-09-09,YAT,HLL,ZİRAAT PORTFÖY HALKBANK PARA PİYASASI (TL) FONU,0.389635,131536357235.95,1029404,51251134880.49,,0.11588348955764438
2026-09-10,YAT,HLL,ZİRAAT PORTFÖY HALKBANK PARA PİYASASI (TL) FONU,0.390038,131724988290.95,1028986,51377695210.85,,0.10343013332991813
2026-09-11,YAT,HLL,ZİRAAT PORTFÖY HALKBANK PARA PİYASASI (TL) FONU,0.390435,131820980692.95,1029006,51467463437.02,,0.10178495428649903
2026-09-14,YAT,HLL,ZİRAAT PORTFÖY HALKBANK PARA PİYASASI (TL) FONU,0.391592,132014071999.95,1028833,51695684247.34,,0.29633613789747937
2026-09-15,YAT,HLL,ZİRAAT PORTFÖY HALKBANK PARA PİYASASI (TL) FONU,0.392001,131732749863.95,1027645,51639407270.39,,0.10444544321641658
2026-09-16,YAT,HLL,ZİRAAT PORTFÖY HALKBANK PARA PİYASASI (TL) FONU,0.392341,133165547447.95,1035111,52246304015.99,,0.08673447261613454
2026-09-17,YAT,HLL,ZİRAAT PORTFÖY HALKBANK PARA PİYASASI (TL) FONU,0.392631,135266863486.95,1033060,53109979497.43,,0.0739152930741449
2026-09-18,YAT,HLL,ZİRAAT PORTFÖY HALKBANK PARA PİYASASI (TL) FONU,0.39296,131950099758.95,1031935,51851101793.32,,0.08379368924000818
2026-09-21,YAT,HLL,ZİRAAT PORTFÖY HALKBANK PARA PİYASASI (TL) FONU,0.394118,129676662963.95,1031063,51107859069.56,,0.29468648208470505
2026-09-22,YAT,HLL,ZİRAAT PORTFÖY HALKBANK PARA PİYASASI (TL) FONU,0.394478,126836760927.95,1029990,50034338214.96,,0.09134320178219024
2026-09-23,YAT,HLL,ZİRAAT PORTFÖY HALKBANK PARA PİYASASI (TL) FONU,0.394904,126320884067.95,1028869,49884578821.86,,0.10799081317589554
2026-09-24,YAT,HLL,ZİRAAT PORTFÖY HALKBANK PARA PİYASASI (TL) FONU,0.395335,126055871577.95,1028504,49834277602.9,,0.10914044932439637
2026-09-25,YAT,HLL,ZİRAAT PORTFÖY HALKBANK PARA PİYASASI (TL) FONU,0.395714,126668768411.95,1027990,50124571717.22,,0.09586806126449243
2026-09-28,YAT,HLL,ZİRAAT PORTFÖY HALKBANK PARA PİYASASI (TL) FONU,0.396851,125516939308.95,1027933,49811544299.11,,0.28732872731316306
2026-09-29,YAT,HLL,ZİRAAT PORTFÖY HALKBANK PARA PİYASASI (TL) FONU,0.397244,123555303526.95,1027525,49081640279.68,,0.09902961060952453
2026-09-30,YAT,HLL,ZİRAAT PORTFÖY HALKBANK PARA PİYASASI (TL) FONU,0.397625,122577940253.95,1026014,48740076867.42,,0.09591082558830788
2026-10-01,YAT,HLL,ZİRAAT PORTFÖY HALKBANK PARA PİYASASI (TL) FONU,0.39799,117666332960.95,1025279,46829974096.66,,0.09179503300849046
2026-10-02,YAT,HLL,ZİRAAT PORTFÖY HALKBANK PARA PİYASASI (TL) FONU,0.398392,120329460518.95,1028543,47938345179.21,,0.1010075630041074
2026-10-05,YAT,HLL,ZİRAAT PORTFÖY HALKBANK PARA PİYASASI (TL) FONU,0.399549,121220916758.95,1027654,48433645276.13,,0.29041747826261677
2026-10-06,YAT,HLL,ZİRAAT PORTFÖY HALKBANK PARA PİYASASI (TL) FONU,0.399946,120161959570.95,1026679,48058329600.21,,0.09936203068960925
2026-10-07,YAT,HLL,ZİRAAT PORTFÖY HALKBANK PARA PİYASASI (TL) FONU,0.400357,120576067500.95,1026096,48273486580.14,,0.10276387312286861
2026-09-02,YAT,HPV,ZİRAAT PORTFÖY HALKBANK KISA VADELİ KİRA SERTİFİKALARI KATILIM (TL) FONU,7.871662,1126470501.001,339477,8867195494.36,,
2026-09-03,YAT,HPV,ZİRAAT PORTFÖY HALKBANK KISA VADELİ KİRA SERTİFİKALARI KATILIM (TL) FONU,7.880069,1146572955.001,339332,9035074258.62,,0.10680082554357373
2026-09-04,YAT,HPV,ZİRAAT PORTFÖY HALKBANK KISA VADELİ KİRA SERTİFİKALARI KATILIM (TL) FONU,7.888101,1161179107.001,339219,9159497929.93,,0.10192804149304902
2026-09-07,YAT,HPV,ZİRAAT PORTFÖY HALKBANK KISA VADELİ KİRA SERTİFİKALARI KATILIM (TL) FONU,7.911107,1145110409.001,339181,9059090530.14,,0.29165448059045307
2026-09-08,YAT,HPV,ZİRAAT PORTFÖY HALKBANK KISA VADELİ KİRA SERTİFİKALARI KATILIM (TL) FONU,7.919253,1150932215.001,339064,9114522937.15,,0.10296915463283707
2026-09-09,YAT,HPV,ZİRAAT PORTFÖY HALKBANK KISA VADELİ KİRA SERTİFİKALARI KATILIM (TL) FONU,7.926889,1146097998.001,339011,9084991775.35,,0.09642323587844004
2026-09-10,YAT,HPV,ZİRAAT PORTFÖY HALKBANK KISA VADELİ KİRA SERTİFİKALARI KATILIM (TL) FONU,7.934807,1162003389.001,338951,9220272449.96,,0.09988786269115035
2026-09-11,YAT,HPV,ZİRAAT PORTFÖY HALKBANK KISA VADELİ KİRA SERTİFİKALARI KATILIM (TL) FONU,7.942426,1180748270.001,338892,9378006065.76,,0.09601997880981372
2026-09-14,YAT,HPV,ZİRAAT PORTFÖY HALKBANK KISA VADELİ KİRA SERTİFİKALARI KATILIM (TL) FONU,7.965272,1145554796.001,338929,9124655576.88,,0.2876451099449895
2026-09-15,YAT,HPV,ZİRAAT PORTFÖY HALKBANK KISA VADELİ KİRA SERTİFİKALARI KATILIM (TL) FONU,7.973502,1149036584.001,338774,9161845126.33,,0.1033235274325861
2026-09-16,YAT,HPV,ZİRAAT PORTFÖY HALKBANK KISA VADELİ KİRA SERTİFİKALARI KATILIM (TL) FONU,7.98146,1157117723.001,339755,9235488496.77,,0.09980558103579451
2026-09-17,YAT,HPV,ZİRAAT PORTFÖY HALKBANK KISA VADELİ KİRA SERTİFİKALARI KATILIM (TL) FONU,7.988218,1187638148.001,339451,9487112953.16,,0.08467122556523599
2026-09-18,YAT,HPV,ZİRAAT PORTFÖY HALKBANK KISA VADELİ KİRA SERTİFİKALARI KATILIM (TL) FONU,7.99645,1185924162.001,339290,9483182784.34,,0.1030517694935229
2026-09-21,YAT,HPV,ZİRAAT PORTFÖY HALKBANK KISA VADELİ KİRA SERTİFİKALARI KATILIM (TL) FONU,8.020013,1194065792.001,339191,9576422687.19,,0.294668259039943
2026-09-22,YAT,HPV,ZİRAAT PORTFÖY HALKBANK KISA VADELİ KİRA SERTİFİKALARI KATILIM (TL) FONU,8.028497,1192243924.001,338959,9571926560.17,,0.10578536468706101
2026-09-23,YAT,HPV,ZİRAAT PORTFÖY HALKBANK KISA VADELİ KİRA SERTİFİKALARI KATILIM (TL) FONU,8.036275,1177624567.001,338852,9463715156.19,,0.09687990168023575
2026-09-24,YAT,HPV,ZİRAAT PORTFÖY HALKBANK KISA VADELİ KİRA SERTİFİKALARI KATILIM (TL) FONU,8.043895,1175869946.001,338764,9458574402.58,,0.09482005033425445
2026-09-25,YAT,HPV,ZİRAAT PORTFÖY HALKBANK KISA VADELİ KİRA SERTİFİKALARI KATILIM (TL) FONU,8.052588,1186922709.001,338661,9557799557.41,,0.10806953596487201
2026-09-28,YAT,HPV,ZİRAAT PORTFÖY HALKBANK KISA VADELİ KİRA SERTİFİKALARI KATILIM (TL) FONU,8.073081,1175971038.001,338629,9493709709.8,,0.2544896125320273
2026-09-29,YAT,HPV,ZİRAAT PORTFÖY HALKBANK KISA VADELİ KİRA SERTİFİKALARI KATILIM (TL) FONU,8.083558,1161793215.001,338530,9391423146.98,,0.1297769711464447
2026-09-30,YAT,HPV,ZİRAAT PORTFÖY HALKBANK KISA VADELİ KİRA SERTİFİKALARI KATILIM (TL) FONU,8.091199,1156362799.001,338363,9356361000.22,,0.09452520783546081
2026-10-01,YAT,HPV,ZİRAAT PORTFÖY HALKBANK KISA VADELİ KİRA SERTİFİKALARI KATILIM (TL) FONU,8.098227,1140249709.001,338323,9234000563.52,,0.08685980903448964
2026-10-02,YAT,HPV,ZİRAAT PORTFÖY HALKBANK KISA VADELİ KİRA SERTİFİKALARI KATILIM (TL) FONU,8.105985,1236375423.001,338758,10022040291.85,,0.09579874705909486
2026-10-05,YAT,HPV,ZİRAAT PORTFÖY HALKBANK KISA VADELİ KİRA SERTİFİKALARI KATILIM (TL) FONU,8.129516,1184828948.001,338633,9632085741.41,,0.2902916795429533
2026-10-06,YAT,HPV,ZİRAAT PORTFÖY HALKBANK KISA VADELİ KİRA SERTİFİKALARI KATILIM (TL) FONU,8.13718,1183845556.001,338495,9633164820.98,,0.09427375504273972
2026-10-07,YAT,HPV,ZİRAAT PORTFÖY HALKBANK KISA VADELİ KİRA SERTİFİKALARI KATILIM (TL) FONU,8.145238,1177308361.001,338385,9589457307.98,,0.09902693562142684
2026-09-02,YAT,ILH,İŞ PORTFÖY BİRİNCİ PARA PİYASASI SERBEST (TL) FON,4.051997,46883250911.47,11445,189970787023.61,,
2026-09-03,YAT,ILH,İŞ PORTFÖY BİRİNCİ PARA PİYASASI SERBEST (TL) FON,4.056193,46350570214.47,11426,188006845449.21,,0.10355387726102006
2026-09-04,YAT,ILH,İŞ PORTFÖY BİRİNCİ PARA PİYASASI SERBEST (TL) FON,4.060362,49634935339.47,11397,201535810973.23,,0.1027811053369243
2026-09-07,YAT,ILH,İŞ PORTFÖY BİRİNCİ PARA PİYASASI SERBEST (TL) FON,4.072803,51046002078.47,11454,207900303547.91,,0.3064012519081061
2026-09-08,YAT,ILH,İŞ PORTFÖY BİRİNCİ PARA PİYASASI SERBEST (TL) FON,4.076971,47883096685.47,11430,195218014572.4,,0.10233738287857008
2026-09-09,YAT,ILH,İŞ PORTFÖY BİRİNCİ PARA PİYASASI SERBEST (TL) FON,4.081175,41319134066.47,11380,168630625973.78,,0.103115769035389
2026-09-10,YAT,ILH,İŞ PORTFÖY BİRİNCİ PARA PİYASASI SERBEST (TL) FON,4.085339,43266021907.47,11343,176756349054.32,,0.10202944005097692
2026-09-11,YAT,ILH,İŞ PORTFÖY BİRİNCİ PARA PİYASASI SERBEST (TL) FON,4.089517,41294730888.47,11324,168875518126.37,,0.10226813490874509
2026-09-14,YAT,ILH,İŞ PORTFÖY BİRİNCİ PARA PİYASASI SERBEST (TL) FON,4.102048,43009174822.47,11345,176425682750.48,,0.30641760383927075
2026-09-15,YAT,ILH,İŞ PORTFÖY BİRİNCİ PARA PİYASASI SERBEST (TL) FON,4.10624,40969482287.47,11314,168230515268.84,,0.10219285586126059
2026-09-16,YAT,ILH,İŞ PORTFÖY BİRİNCİ PARA PİYASASI SERBEST (TL) FON,4.110366,38902718153.47,11324,159904409427.31,,0.10048121882793026
2026-09-17,YAT,ILH,İŞ PORTFÖY BİRİNCİ PARA PİYASASI SERBEST (TL) FON,4.11449,42497519036.47,11363,174855604072.95,,0.10033169795584662
2026-09-18,YAT,ILH,İŞ PORTFÖY BİRİNCİ PARA PİYASASI SERBEST (TL) FON,4.118634,42892559872.47,11367,176658762350.82,,0.10071722133242478
2026-09-21,YAT,ILH,İŞ PORTFÖY BİRİNCİ PARA PİYASASI SERBEST (TL) FON,4.130982,40241556308.47,11434,166237133164.66,,0.2998081402717512
2026-09-22,YAT,ILH,İŞ PORTFÖY BİRİNCİ PARA PİYASASI SERBEST (TL) FON,4.135056,41362173922.47,11421,171034919348.09,,0.09862061853571635
2026-09-23,YAT,ILH,İŞ PORTFÖY BİRİNCİ PARA PİYASASI SERBEST (TL) FON,4.139152,41286602357.47,11515,170891525252.19,,0.09905549042141804
2026-09-24,YAT,ILH,İŞ PORTFÖY BİRİNCİ PARA PİYASASI SERBEST (TL) FON,4.143254,40877222514.47,11545,169364720746.05,,0.09910242484449938
2026-09-25,YAT,ILH,İŞ PORTFÖY BİRİNCİ PARA PİYASASI SERBEST (TL) FON,4.147316,40719966841.47,11553,168878553031.24,,0.0980388844130875
2026-09-28,YAT,ILH,İŞ PORTFÖY BİRİNCİ PARA PİYASASI SERBEST (TL) FON,4.159645,42453770340.47,11564,176592621145.2,,0.2972766000951088
2026-09-29,YAT,ILH,İŞ PORTFÖY BİRİNCİ PARA PİYASASI SERBEST (TL) FON,4.163758,42662275867.47,11565,177635392225.91,,0.09887863026771804
2026-09-30,YAT,ILH,İŞ PORTFÖY BİRİNCİ PARA PİYASASI SERBEST (TL) FON,4.167843,43448982912.47,11564,181088559116.35,,0.09810848757303425
2026-10-01,YAT,ILH,İŞ PORTFÖY BİRİNCİ PARA PİYASASI SERBEST (TL) FON,4.171953,42924583510.47,11592,179079342480.05,,0.0986121598150369
2026-10-02,YAT,ILH,İŞ PORTFÖY BİRİNCİ PARA PİYASASI SERBEST (TL) FON,4.17607,38970081889.47,11736,162741783710.74,,0.09868279915905553
2026-10-05,YAT,ILH,İŞ PORTFÖY BİRİNCİ PARA PİYASASI SERBEST (TL) FON,4.188418,40357871476.47,11829,169035652166.61,,0.29568469877181425
2026-10-06,YAT,ILH,İŞ PORTFÖY BİRİNCİ PARA PİYASASI SERBEST (TL) FON,4.192563,37011249983.47,11798,155172007801.42,,0.0989633794907574
2026-10-07,YAT,ILH,İŞ PORTFÖY BİRİNCİ PARA PİYASASI SERBEST (TL) FON,4.196711,36539029918.47,11827,153343765778.38,,0.09893709408779205
2026-09-02,YAT,IOO,İŞ PORTFÖY İKİNCİ PARA PİYASASI (TL) FONU,4.662,5585777896.0,6418,26040894975.45,,
2026-09-03,YAT,IOO,İŞ PORTFÖY İKİNCİ PARA PİYASASI (TL) FONU,4.666971,6065142759.0,6489,28305842601.21,,0.1066280566280664
2026-09-04,YAT,IOO,İŞ PORTFÖY İKİNCİ PARA PİYASASI (TL) FONU,4.671774,5689489466.0,6625,26580006373.48,,0.1029147170616529
2026-09-07,YAT,IOO,İŞ PORTFÖY İKİNCİ PARA PİYASASI (TL) FONU,4.685079,5879280679.0,6909,27544893208.93,,0.28479545457464894
2026-09-08,YAT,IOO,İŞ PORTFÖY İKİNCİ PARA PİYASASI (TL) FONU,4.690074,5634594395.0,7065,26426666142.27,,0.10661506454854308
2026-09-09,YAT,IOO,İŞ PORTFÖY İKİNCİ PARA PİYASASI (TL) FONU,4.694911,5835827229.0,7227,27398691590.66,,0.10313270110451356
2026-09-10,YAT,IOO,İŞ PORTFÖY İKİNCİ PARA PİYASASI (TL) FONU,4.699939,5929937520.0,7324,27870342047.42,,0.10709468188001559
2026-09-11,YAT,IOO,İŞ PORTFÖY İKİNCİ PARA PİYASASI (TL) FONU,4.705672,6499004819.0,7461,30582181840.64,,0.1219803065529268
2026-09-14,YAT,IOO,İŞ PORTFÖY İKİNCİ PARA PİYASASI (TL) FONU,4.720188,5878306663.0,7667,27746713048.72,,0.30847878900188697
2026-09-15,YAT,IOO,İŞ PORTFÖY İKİNCİ PARA PİYASASI (TL) FONU,4.725054,6404881533.0,7892,30263412913.54,,0.10308911424714573
2026-09-16,YAT,IOO,İŞ PORTFÖY İKİNCİ PARA PİYASASI (TL) FONU,4.72891,6698589491.0,8447,31677024323.71,,0.0816075329509447
2026-09-17,YAT,IOO,İŞ PORTFÖY İKİNCİ PARA PİYASASI (TL) FONU,4.731986,6677286040.0,8965,31596824870.74,,0.06504670209415142
2026-09-18,YAT,IOO,İŞ PORTFÖY İKİNCİ PARA PİYASASI (TL) FONU,4.736108,6143255007.0,9019,29095116200.75,,0.08710930252118221
2026-09-21,YAT,IOO,İŞ PORTFÖY İKİNCİ PARA PİYASASI (TL) FONU,4.750429,6443298285.0,9309,30608431107.28,,0.3023790842607399
2026-09-22,YAT,IOO,İŞ PORTFÖY İKİNCİ PARA PİYASASI (TL) FONU,4.754928,6106214554.0,9580,29034612209.17,,0.09470723591491481
2026-09-23,YAT,IOO,İŞ PORTFÖY İKİNCİ PARA PİYASASI (TL) FONU,4.759828,6072498103.0,9882,28904048465.19,,0.10305098205483088
2026-09-24,YAT,IOO,İŞ PORTFÖY İKİNCİ PARA PİYASASI (TL) FONU,4.765108,6221683568.0,10093,29646992512.91,,0.11092837808424072
2026-09-25,YAT,IOO,İŞ PORTFÖY İKİNCİ PARA PİYASASI (TL) FONU,4.769322,6196084191.0,10301,29551121577.69,,0.08843451187254825
2026-09-28,YAT,IOO,İŞ PORTFÖY İKİNCİ PARA PİYASASI (TL) FONU,4.783396,6069999441.0,10404,29035211146.11,,0.29509435513055404
2026-09-29,YAT,IOO,İŞ PORTFÖY İKİNCİ PARA PİYASASI (TL) FONU,4.788001,5991846549.0,10391,28688964515.79,,0.0962705157591115
2026-09-30,YAT,IOO,İŞ PORTFÖY İKİNCİ PARA PİYASASI (TL) FONU,4.792443,6084866845.0,10412,29161378724.02,,0.09277358129204938
2026-10-01,YAT,IOO,İŞ PORTFÖY İKİNCİ PARA PİYASASI (TL) FONU,4.795694,5812429690.0,10469,27874633969.64,,0.06783596591550811
2026-10-02,YAT,IOO,İŞ PORTFÖY İKİNCİ PARA PİYASASI (TL) FONU,4.801081,6181226691.0,10480,29676569144.07,,0.11232993598007113
2026-10-05,YAT,IOO,İŞ PORTFÖY İKİNCİ PARA PİYASASI (TL) FONU,4.814856,6086166242.0,10612,29304011169.41,,0.2869145511187998
2026-10-06,YAT,IOO,İŞ PORTFÖY İKİNCİ PARA PİYASASI (TL) FONU,4.819908,6151886437.0,10586,29651525570.11,,0.10492525633165606
2026-10-07,YAT,IOO,İŞ PORTFÖY İKİNCİ PARA PİYASASI (TL) FONU,4.824822,6420874853.0,10623,30979579236.12,,0.10195215344359632
2026-09-02,YAT,TI1,İŞ PORTFÖY PARA PİYASASI (TL) FONU,1687.694214,132733358.65,237267,224013321391.02,,
2026-09-03,YAT,TI1,İŞ PORTFÖY PARA PİYASASI (TL) FONU,1689.486989,134960356.65,237180,228013766651.72,,0.10622629295806707
2026-09-04,YAT,TI1,İŞ PORTFÖY PARA PİYASASI (TL) FONU,1691.063349,135587641.65,237142,229287291370.11,,0.09330406272811675
2026-09-07,YAT,TI1,İŞ PORTFÖY PARA PİYASASI (TL) FONU,1695.839117,134891986.65,237178,228755107466.5,,0.28241212860677933
2026-09-08,YAT,TI1,İŞ PORTFÖY PARA PİYASASI (TL) FONU,1697.62342,133104997.65,235329,225962161286.71,,0.10521652567823114
2026-09-09,YAT,TI1,İŞ PORTFÖY PARA PİYASASI (TL) FONU,1699.428039,130569418.65,235129,221893331089.17,,0.10630266870375049
2026-09-10,YAT,TI1,İŞ PORTFÖY PARA PİYASASI (TL) FONU,1701.15699,131833683.65,235085,224269792446.96,,0.10173722925139739
2026-09-11,YAT,TI1,İŞ PORTFÖY PARA PİYASASI (TL) FONU,1703.023923,119344633.65,235010,203246766195.91,,0.10974489779453922
2026-09-14,YAT,TI1,İŞ PORTFÖY PARA PİYASASI (TL) FONU,1708.085878,120315697.65,235221,205509544078.81,,0.29723334661577727
2026-09-15,YAT,TI1,İŞ PORTFÖY PARA PİYASASI (TL) FONU,1709.833793,119513097.65,233508,204347533053.12,,0.10233179856544705
2026-09-16,YAT,TI1,İŞ PORTFÖY PARA PİYASASI (TL) FONU,1711.394768,119636132.65,234287,204744651529.39,,0.09129396122540268
2026-09-17,YAT,TI1,İŞ PORTFÖY PARA PİYASASI (TL) FONU,1712.513584,119567465.65,233988,204760909160.02,,0.06537451328705313
2026-09-18,YAT,TI1,İŞ PORTFÖY PARA PİYASASI (TL) FONU,1714.028004,118815688.65,233245,203653417660.19,,0.08843258320103686
2026-09-21,YAT,TI1,İŞ PORTFÖY PARA PİYASASI (TL) FONU,1719.161631,120263620.65,234157,206752602215.76,,0.2995066001266977
2026-09-22,YAT,TI1,İŞ PORTFÖY PARA PİYASASI (TL) FONU,1720.723568,120847283.65,233328,207944769054.08,,0.09085457538342556
2026-09-23,YAT,TI1,İŞ PORTFÖY PARA PİYASASI (TL) FONU,1722.471382,123371497.65,233859,212503874069.67,,0.1015743628147936
2026-09-24,YAT,TI1,İŞ PORTFÖY PARA PİYASASI (TL) FONU,1724.347097,123441503.65,234460,212855998477.93,,0.10889672940876949
2026-09-25,YAT,TI1,İŞ PORTFÖY PARA PİYASASI (TL) FONU,1726.014647,123107736.65,234427,212485756659.91,,0.0967061679693737
2026-09-28,YAT,TI1,İŞ PORTFÖY PARA PİYASASI (TL) FONU,1730.993448,123553877.65,234602,213870952705.35,,0.2884564744948026
2026-09-29,YAT,TI1,İŞ PORTFÖY PARA PİYASASI (TL) FONU,1732.633424,122251417.65,233492,211816892357.6,,0.0947418952911061
2026-09-30,YAT,TI1,İŞ PORTFÖY PARA PİYASASI (TL) FONU,1734.309507,121295458.65,233314,210363867096.34,,0.0967361576189818
2026-10-01,YAT,TI1,İŞ PORTFÖY PARA PİYASASI (TL) FONU,1735.86471,119115855.65,233917,206769010225.64,,0.08967274836024774
2026-10-02,YAT,TI1,İŞ PORTFÖY PARA PİYASASI (TL) FONU,1737.551474,121097012.65,236995,210412292768.85,,0.09717139764884308
2026-10-05,YAT,TI1,İŞ PORTFÖY PARA PİYASASI (TL) FONU,1742.592139,121255392.65,238193,211298694029.15,,0.29010162147289353
2026-10-06,YAT,TI1,İŞ PORTFÖY PARA PİYASASI (TL) FONU,1744.289295,119597009.65,237668,208611783655.88,,0.09739261196104465
2026-10-07,YAT,TI1,İŞ PORTFÖY PARA PİYASASI (TL) FONU,1746.040914,120152601.65,238148,209791358381.05,,0.10042021154523795
2026-09-02,YAT,TZL,ZİRAAT PORTFÖY PARA PİYASASI (TL) FONU,0.139869,652165723832.17,184611,91217652305.24,,
2026-09-03,YAT,TZL,ZİRAAT PORTFÖY PARA PİYASASI (TL) FONU,0.140012,679032340332.17,184762,95072601437.77,,0.10223852318955728
2026-09-04,YAT,TZL,ZİRAAT PORTFÖY PARA PİYASASI (TL) FONU,0.140142,673708611432.17,185344,94415013934.74,,0.09284918435561451
2026-09-07,YAT,TZL,ZİRAAT PORTFÖY PARA PİYASASI (TL) FONU,0.14051,676327501132.17,185329,95030463716.99,,0.2625908007592326
2026-09-08,YAT,TZL,ZİRAAT PORTFÖY PARA PİYASASI (TL) FONU,0.140673,649069910932.17,184805,91306583729.93,,0.11600597822218894
2026-09-09,YAT,TZL,ZİRAAT PORTFÖY PARA PİYASASI (TL) FONU,0.14083,693759001332.17,185060,97701855442.75,,0.11160634947717796
2026-09-10,YAT,TZL,ZİRAAT PORTFÖY PARA PİYASASI (TL) FONU,0.140972,691761599332.17,185414,97518988547.79,,0.10083078889440156
2026-09-11,YAT,TZL,ZİRAAT PORTFÖY PARA PİYASASI (TL) FONU,0.141116,648098450532.17,185202,91457301640.04,,0.10214794427263474
2026-09-14,YAT,TZL,ZİRAAT PORTFÖY PARA PİYASASI (TL) FONU,0.141536,651436811332.17,185252,92201481563.41,,0.2976274837722226
2026-09-15,YAT,TZL,ZİRAAT PORTFÖY PARA PİYASASI (TL) FONU,0.141681,669635195732.17,184777,94874848624.35,,0.10244743386842448
2026-09-16,YAT,TZL,ZİRAAT PORTFÖY PARA PİYASASI (TL) FONU,0.141807,695258429332.17,186084,98592653877.59,,0.08893217862662173
2026-09-17,YAT,TZL,ZİRAAT PORTFÖY PARA PİYASASI (TL) FONU,0.141914,680628086232.17,186460,96590901934.67,,0.07545466725904504
2026-09-18,YAT,TZL,ZİRAAT PORTFÖY PARA PİYASASI (TL) FONU,0.14204,666500684432.17,185618,94669568990.9,,0.08878616626970537
2026-09-21,YAT,TZL,ZİRAAT PORTFÖY PARA PİYASASI (TL) FONU,0.142456,679414223532.17,185402,96786337996.84,,0.29287524640946305
2026-09-22,YAT,TZL,ZİRAAT PORTFÖY PARA PİYASASI (TL) FONU,0.142585,676723597632.17,184762,96490503520.57,,0.09055427640813907
2026-09-23,YAT,TZL,ZİRAAT PORTFÖY PARA PİYASASI (TL) FONU,0.142736,685784398932.17,184781,97886094287.5,,0.10590174282008036
2026-09-24,YAT,TZL,ZİRAAT PORTFÖY PARA PİYASASI (TL) FONU,0.142891,687778544532.17,184811,98277569142.06,,0.10859208608899884
2026-09-25,YAT,TZL,ZİRAAT PORTFÖY PARA PİYASASI (TL) FONU,0.143029,684140819001.17,184721,97851774526.83,,0.0965771112246383
2026-09-28,YAT,TZL,ZİRAAT PORTFÖY PARA PİYASASI (TL) FONU,0.143442,682949753201.17,184495,97963664615.36,,0.28875263058540934
2026-09-29,YAT,TZL,ZİRAAT PORTFÖY PARA PİYASASI (TL) FONU,0.14358,665637207871.17,183838,95572459266.6,,0.09620613209522233
2026-09-30,YAT,TZL,ZİRAAT PORTFÖY PARA PİYASASI (TL) FONU,0.14372,660889285171.17,183522,94982786566.48,,0.09750661652039305
2026-10-01,YAT,TZL,ZİRAAT PORTFÖY PARA PİYASASI (TL) FONU,0.143847,638767541271.17,182885,91884678306.64,,0.0883662677428454
2026-10-02,YAT,TZL,ZİRAAT PORTFÖY PARA PİYASASI (TL) FONU,0.143989,658610819871.17,185319,94832557867.32,,0.09871599685777888
2026-10-05,YAT,TZL,ZİRAAT PORTFÖY PARA PİYASASI (TL) FONU,0.14441,661428835371.17,185568,95516744918.64,,0.29238344595767796
2026-10-06,YAT,TZL,ZİRAAT PORTFÖY PARA PİYASASI (TL) FONU,0.144552,651274746171.17,185094,94143105795.86,,0.09833114050272762
2026-10-07,YAT,TZL,ZİRAAT PORTFÖY PARA PİYASASI (TL) FONU,0.1447,652085249171.17,185204,94356693369.53,,0.10238530079140773
2026-09-02,YAT,VK6,V PORTFÖY VAKIFBANK PARA PİYASASI (TL) FONU,4.207057,18845005564.988,161878,79282015288.84,,
2026-09-03,YAT,VK6,V PORTFÖY VAKIFBANK PARA PİYASASI (TL) FONU,4.211401,19348056149.988,161616,81482416941.04,,0.10325507831248082
2026-09-04,YAT,VK6,V PORTFÖY VAKIFBANK PARA PİYASASI (TL) FONU,4.21554,19657785540.988,161867,82868190076.87,,0.09828083338536686
2026-09-07,YAT,VK6,V PORTFÖY VAKIFBANK PARA PİYASASI (TL) FONU,4.226727,19376651384.988,161349,81899825045.88,,0.26537525441581167
2026-09-08,YAT,VK6,V PORTFÖY VAKIFBANK PARA PİYASASI (TL) FONU,4.231569,19694685906.988,161878,83339415240.02,,0.11455672438744902
2026-09-09,YAT,VK6,V PORTFÖY VAKIFBANK PARA PİYASASI (TL) FONU,4.236186,19610499454.988,162159,83073722565.51,,0.10910846544154307
2026-09-10,YAT,VK6,V PORTFÖY VAKIFBANK PARA PİYASASI (TL) FONU,4.240556,19546497530.988,162252,82888015624.29,,0.10315883202483
2026-09-11,YAT,VK6,V PORTFÖY VAKIFBANK PARA PİYASASI (TL) FONU,4.244963,19023822789.988,162161,80755431869.58,,0.10392505133762775
2026-09-14,YAT,VK6,V PORTFÖY VAKIFBANK PARA PİYASASI (TL) FONU,4.257506,18988229824.988,161292,80842497873.83,,0.29547960724274347
2026-09-15,YAT,VK6,V PORTFÖY VAKIFBANK PARA PİYASASI (TL) FONU,4.261985,18960243113.988,161013,80808263486.38,,0.10520243541640717
2026-09-16,YAT,VK6,V PORTFÖY VAKIFBANK PARA PİYASASI (TL) FONU,4.265818,19546147661.988,163607,83380305708.47,,0.08993461966666505
2026-09-17,YAT,VK6,V PORTFÖY VAKIFBANK PARA PİYASASI (TL) FONU,4.26919,19853982362.988,162859,84760420380.18,,0.07904697293694696
2026-09-18,YAT,VK6,V PORTFÖY VAKIFBANK PARA PİYASASI (TL) FONU,4.273001,19045738056.988,161950,81382464845.48,,0.08926751913125308
2026-09-21,YAT,VK6,V PORTFÖY VAKIFBANK PARA PİYASASI (TL) FONU,4.28564,18700710791.988,161636,80144507921.16,,0.29578743370290983
2026-09-22,YAT,VK6,V PORTFÖY VAKIFBANK PARA PİYASASI (TL) FONU,4.289732,18472463449.988,160536,79241925751.47,,0.09548165501536143
2026-09-23,YAT,VK6,V PORTFÖY VAKIFBANK PARA PİYASASI (TL) FONU,4.29428,18126905788.988,160469,77842002476.73,,0.1060206092128757
2026-09-24,YAT,VK6,V PORTFÖY VAKIFBANK PARA PİYASASI (TL) FONU,4.298981,17951790179.988,160446,77174396227.72,,0.10947120355451201
2026-09-25,YAT,VK6,V PORTFÖY VAKIFBANK PARA PİYASASI (TL) FONU,4.303116,18179861741.988,160436,78230046695.31,,0.09618558444430825
2026-09-28,YAT,VK6,V PORTFÖY VAKIFBANK PARA PİYASASI (TL) FONU,4.315565,17917212885.988,159735,77322899688.28,,0.2893019848872358
2026-09-29,YAT,VK6,V PORTFÖY VAKIFBANK PARA PİYASASI (TL) FONU,4.319908,17525203986.988,158979,75707275718.33,,0.10063572208967031
2026-09-30,YAT,VK6,V PORTFÖY VAKIFBANK PARA PİYASASI (TL) FONU,4.324096,17592530063.988,158720,76071790961.48,,0.09694650904603641
2026-10-01,YAT,VK6,V PORTFÖY VAKIFBANK PARA PİYASASI (TL) FONU,4.327661,16717216102.988,158276,72346450339.31,,0.08244497809484219
2026-10-02,YAT,VK6,V PORTFÖY VAKIFBANK PARA PİYASASI (TL) FONU,4.332194,17004171747.988,159429,73665376336.6,,0.10474480325515234
2026-10-05,YAT,VK6,V PORTFÖY VAKIFBANK PARA PİYASASI (TL) FONU,4.344757,16929002476.988,160114,73552397137.14,,0.289991630107056
2026-10-06,YAT,VK6,V PORTFÖY VAKIFBANK PARA PİYASASI (TL) FONU,4.349052,16694206484.988,159899,72603968322.53,,0.09885478060107644
2026-10-07,YAT,VK6,V PORTFÖY VAKIFBANK PARA PİYASASI (TL) FONU,4.353591,16652308026.988,159639,72497339967.7,,0.10436757251923723
2026-09-02,YAT,YJY,YAPI KREDİ PORTFÖY YENİKÖY SERBEST (DÖVİZ) FON,58.383941,1344492637.0,9183,78496779404.61,,
2026-09-03,YAT,YJY,YAPI KREDİ PORTFÖY YENİKÖY SERBEST (DÖVİZ) FON,58.410582,1342913832.0,9182,78440379002.14,,0.04563069834562228
2026-09-04,YAT,YJY,YAPI KREDİ PORTFÖY YENİKÖY SERBEST (DÖVİZ) FON,58.435213,1358450455.0,9187,79381341756.52,,0.04216872894708956
2026-09-07,YAT,YJY,YAPI KREDİ PORTFÖY YENİKÖY SERBEST (DÖVİZ) FON,58.464997,1361069900.0,9199,79574947783.3,,0.050969267451805855
2026-09-08,YAT,YJY,YAPI KREDİ PORTFÖY YENİKÖY SERBEST (DÖVİZ) FON,58.609619,1361069900.0,9199,79771788257.11,,0.24736510291791802
2026-09-09,YAT,YJY,YAPI KREDİ PORTFÖY YENİKÖY SERBEST (DÖVİZ) FON,58.647814,1358667995.0,9197,79682907435.53,,0.06516848369206851
2026-09-10,YAT,YJY,YAPI KREDİ PORTFÖY YENİKÖY SERBEST (DÖVİZ) FON,58.677831,1364482571.0,9233,80064878199.25,,0.051181788293086505
2026-09-11,YAT,YJY,YAPI KREDİ PORTFÖY YENİKÖY SERBEST (DÖVİZ) FON,58.703765,1367448997.0,9257,80274405165.82,,0.044197271027290874
2026-09-14,YAT,YJY,YAPI KREDİ PORTFÖY YENİKÖY SERBEST (DÖVİZ) FON,58.75064,1363290702.0,9283,80094201790.47,,0.07985007435213909
2026-09-15,YAT,YJY,YAPI KREDİ PORTFÖY YENİKÖY SERBEST (DÖVİZ) FON,58.883251,1363626195.0,9311,80294743193.65,,0.22571839217411238
2026-09-16,YAT,YJY,YAPI KREDİ PORTFÖY YENİKÖY SERBEST (DÖVİZ) FON,58.919152,1362698683.0,9307,80289050589.11,,0.06096979937468827
2026-09-17,YAT,YJY,YAPI KREDİ PORTFÖY YENİKÖY SERBEST (DÖVİZ) FON,58.948947,1362135749.0,9304,80296467886.58,,0.05056929536255694
2026-09-18,YAT,YJY,YAPI KREDİ PORTFÖY YENİKÖY SERBEST (DÖVİZ) FON,58.966689,1363223211.0,9302,80384758649.52,,0.030097229726600006
2026-09-21,YAT,YJY,YAPI KREDİ PORTFÖY YENİKÖY SERBEST (DÖVİZ) FON,59.014686,1358484819.0,9280,80170555168.85,,0.08139680354104506
2026-09-22,YAT,YJY,YAPI KREDİ PORTFÖY YENİKÖY SERBEST (DÖVİZ) FON,59.144816,1337215327.0,9255,79089354630.05,,0.2205044351163643
2026-09-23,YAT,YJY,YAPI KREDİ PORTFÖY YENİKÖY SERBEST (DÖVİZ) FON,59.175176,1322797326.0,9202,78276764519.27,,0.05133163318997713
2026-09-24,YAT,YJY,YAPI KREDİ PORTFÖY YENİKÖY SERBEST (DÖVİZ) FON,59.203002,1308493802.0,9182,77466761445.49,,0.047023096306464396
2026-09-25,YAT,YJY,YAPI KREDİ PORTFÖY YENİKÖY SERBEST (DÖVİZ) FON,59.229843,1303951814.0,9183,77232861525.85,,0.04533722800070805
2026-09-28,YAT,YJY,YAPI KREDİ PORTFÖY YENİKÖY SERBEST (DÖVİZ) FON,59.275081,1273785643.0,9191,75503746980.37,,0.07637703851417488
2026-09-29,YAT,YJY,YAPI KREDİ PORTFÖY YENİKÖY SERBEST (DÖVİZ) FON,59.417129,1272004102.0,9198,75578831947.44,,0.23964201752841863
2026-09-30,YAT,YJY,YAPI KREDİ PORTFÖY YENİKÖY SERBEST (DÖVİZ) FON,59.436501,1274457459.0,9191,75749292294.6,,0.03260339287007863
2026-10-01,YAT,YJY,YAPI KREDİ PORTFÖY YENİKÖY SERBEST (DÖVİZ) FON,59.467651,1274867674.0,9180,75813386256.85,,0.05240887245363535
2026-10-02,YAT,YJY,YAPI KREDİ PORTFÖY YENİKÖY SERBEST (DÖVİZ) FON,59.493916,1274046586.0,9183,75798020582.39,,0.044166869816342214
2026-10-05,YAT,YJY,YAPI KREDİ PORTFÖY YENİKÖY SERBEST (DÖVİZ) FON,59.534619,1276082948.0,9178,75971112339.53,,0.06841539897961546
2026-10-06,YAT,YJY,YAPI KREDİ PORTFÖY YENİKÖY SERBEST (DÖVİZ) FON,59.667394,1276723489.0,9195,76178764069.68,,0.22302149947410754
2026-10-07,YAT,YJY,YAPI KREDİ PORTFÖY YENİKÖY SERBEST (DÖVİZ) FON,59.696811,1278659728.0,9204,76331907684.69,,0.049301633652709675
2026-09-02,YAT,YLB,YAPI KREDİ PORTFÖY PARA PİYASASI FONU,1.841418,60399776857.0,358300,111221251452.6,,
2026-09-03,YAT,YLB,YAPI KREDİ PORTFÖY PARA PİYASASI FONU,1.843428,61227250813.0,358405,112868000165.14,,0.10915500988912807
2026-09-04,YAT,YLB,YAPI KREDİ PORTFÖY PARA PİYASASI FONU,1.844956,62319625569.0,358923,114976961426.03,,0.08288905235245281
2026-09-07,YAT,YLB,YAPI KREDİ PORTFÖY PARA PİYASASI FONU,1.850148,61824700202.0,359171,114384831612.76,,0.28141592536623516
2026-09-08,YAT,YLB,YAPI KREDİ PORTFÖY PARA PİYASASI FONU,1.852222,62098047781.0,361113,115019347267.77,,0.11209914017689115
2026-09-09,YAT,YLB,YAPI KREDİ PORTFÖY PARA PİYASASI FONU,1.85418,51052848113.0,361541,94661149594.68,,0.10571087051118866
2026-09-10,YAT,YLB,YAPI KREDİ PORTFÖY PARA PİYASASI FONU,1.856169,51673350790.0,361620,95914450133.96,,0.10727113872439631
2026-09-11,YAT,YLB,YAPI KREDİ PORTFÖY PARA PİYASASI FONU,1.858115,51862782514.0,361926,96366990933.86,,0.1048395916535716
2026-09-14,YAT,YLB,YAPI KREDİ PORTFÖY PARA PİYASASI FONU,1.863617,51410552851.0,361209,95809587435.56,,0.29610653807756737
2026-09-15,YAT,YLB,YAPI KREDİ PORTFÖY PARA PİYASASI FONU,1.865522,51119088150.0,360890,95363792085.64,,0.10222057429181142
2026-09-16,YAT,YLB,YAPI KREDİ PORTFÖY PARA PİYASASI FONU,1.867125,51866113577.0,362199,96840497185.33,,0.08592769208832784
2026-09-17,YAT,YLB,YAPI KREDİ PORTFÖY PARA PİYASASI FONU,1.868388,51587060657.0,361274,96384668679.27,,0.06764410524202624
2026-09-18,YAT,YLB,YAPI KREDİ PORTFÖY PARA PİYASASI FONU,1.8701,50670355466.0,359694,94758607527.58,,0.09162978995798099
2026-09-21,YAT,YLB,YAPI KREDİ PORTFÖY PARA PİYASASI FONU,1.875592,50506175772.0,359512,94728981989.76,,0.29367413507297435
2026-09-22,YAT,YLB,YAPI KREDİ PORTFÖY PARA PİYASASI FONU,1.877322,49992873141.0,358853,93852726511.89,,0.09223754419938057
2026-09-23,YAT,YLB,YAPI KREDİ PORTFÖY PARA PİYASASI FONU,1.879239,50507041958.0,358780,94914816562.96,,0.1021135425888664
2026-09-24,YAT,YLB,YAPI KREDİ PORTFÖY PARA PİYASASI FONU,1.88128,50525883776.0,358854,95053352404.93,,0.10860779283528021
2026-09-25,YAT,YLB,YAPI KREDİ PORTFÖY PARA PİYASASI FONU,1.883111,50836027901.0,358985,95729881296.12,,0.09732735159040384
2026-09-28,YAT,YLB,YAPI KREDİ PORTFÖY PARA PİYASASI FONU,1.888489,54040096055.0,358963,102054106078.7,,0.2855912370540059
2026-09-29,YAT,YLB,YAPI KREDİ PORTFÖY PARA PİYASASI FONU,1.890316,54181481718.0,358588,102420146509.95,,0.09674401068791028
2026-09-30,YAT,YLB,YAPI KREDİ PORTFÖY PARA PİYASASI FONU,1.892195,54610936306.0,358185,103334555932.08,,0.09940136992967474
2026-10-01,YAT,YLB,YAPI KREDİ PORTFÖY PARA PİYASASI FONU,1.893838,52776986803.0,358648,99951039211.29,,0.08683037424788154
2026-10-02,YAT,YLB,YAPI KREDİ PORTFÖY PARA PİYASASI FONU,1.895666,53073379061.0,360058,100609386847.29,,0.09652356748570678
2026-10-05,YAT,YLB,YAPI KREDİ PORTFÖY PARA PİYASASI FONU,1.901167,53186543676.0,360680,101116520723.43,,0.2901882504618314
2026-10-06,YAT,YLB,YAPI KREDİ PORTFÖY PARA PİYASASI FONU,1.902996,52256123555.0,361432,99443202388.09,,0.09620406834327522
2026-10-07,YAT,YLB,YAPI KREDİ PORTFÖY PARA PİYASASI FONU,1.904869,52285497118.0,362053,99597031871.84,,0.09842374865738357
2026-09-02,YAT,YP4,YAPI KREDİ PORTFÖY FERİKÖY SERBEST (DÖVİZ) FON,54.927332,2448487615.0,29401,134488892968.94,,
2026-09-03,YAT,YP4,YAPI KREDİ PORTFÖY FERİKÖY SERBEST (DÖVİZ) FON,54.953099,2447663339.0,29394,134506685950.94,,0.04691107152263729
2026-09-04,YAT,YP4,YAPI KREDİ PORTFÖY FERİKÖY SERBEST (DÖVİZ) FON,54.975864,2447249211.0,29381,134539639440.3,,0.04142623512461974
2026-09-07,YAT,YP4,YAPI KREDİ PORTFÖY FERİKÖY SERBEST (DÖVİZ) FON,55.002979,2446515777.0,29369,134565655735.01,,0.04932164413096185
2026-09-08,YAT,YP4,YAPI KREDİ PORTFÖY FERİKÖY SERBEST (DÖVİZ) FON,55.138215,2446515777.0,29369,134896513437.12,,0.2458703191330791
2026-09-09,YAT,YP4,YAPI KREDİ PORTFÖY FERİKÖY SERBEST (DÖVİZ) FON,55.17394,2447382113.0,29367,135031712884.18,,0.06479172385249754
2026-09-10,YAT,YP4,YAPI KREDİ PORTFÖY FERİKÖY SERBEST (DÖVİZ) FON,55.202364,2447454016.0,29370,135105248462.41,,0.05151707490891333
2026-09-11,YAT,YP4,YAPI KREDİ PORTFÖY FERİKÖY SERBEST (DÖVİZ) FON,55.226524,2447438190.0,29383,135163503240.24,,0.04376624160515874
2026-09-14,YAT,YP4,YAPI KREDİ PORTFÖY FERİKÖY SERBEST (DÖVİZ) FON,55.270849,2449776358.0,29395,135401218829.65,,0.08026034736496879
2026-09-15,YAT,YP4,YAPI KREDİ PORTFÖY FERİKÖY SERBEST (DÖVİZ) FON,55.394574,2451598954.0,29403,135805279463.02,,0.22385217929254964
2026-09-16,YAT,YP4,YAPI KREDİ PORTFÖY FERİKÖY SERBEST (DÖVİZ) FON,55.428142,2448367573.0,29388,135708466462.32,,0.06059799286479706
2026-09-17,YAT,YP4,YAPI KREDİ PORTFÖY FERİKÖY SERBEST (DÖVİZ) FON,55.45626,2462187088.0,29372,136543686410.03,,0.050728743532491016
2026-09-18,YAT,YP4,YAPI KREDİ PORTFÖY FERİKÖY SERBEST (DÖVİZ) FON,55.472501,2460400394.0,29350,136484564095.57,,0.029286143710383072
2026-09-21,YAT,YP4,YAPI KREDİ PORTFÖY FERİKÖY SERBEST (DÖVİZ) FON,55.51761,2447990954.0,29262,135906607206.51,,0.0813177686003419
2026-09-22,YAT,YP4,YAPI KREDİ PORTFÖY FERİKÖY SERBEST (DÖVİZ) FON,55.639524,2439739638.0,29179,135745953354.19,,0.21959518790524157
2026-09-23,YAT,YP4,YAPI KREDİ PORTFÖY FERİKÖY SERBEST (DÖVİZ) FON,55.668221,2433463574.0,29048,135466587407.98,,0.051576645407669375
2026-09-24,YAT,YP4,YAPI KREDİ PORTFÖY FERİKÖY SERBEST (DÖVİZ) FON,55.693928,2424611437.0,28944,135036134832.31,,0.04617895010512463
2026-09-25,YAT,YP4,YAPI KREDİ PORTFÖY FERİKÖY SERBEST (DÖVİZ) FON,55.718646,2421552331.0,28888,134925617396.63,,0.04438185792892124
2026-09-28,YAT,YP4,YAPI KREDİ PORTFÖY FERİKÖY SERBEST (DÖVİZ) FON,55.760177,2418701782.0,28859,134867239279.72,,0.0745369871335333
2026-09-29,YAT,YP4,YAPI KREDİ PORTFÖY FERİKÖY SERBEST (DÖVİZ) FON,55.894468,2418132862.0,28829,135160249151.27,,0.2408367534414424
2026-09-30,YAT,YP4,YAPI KREDİ PORTFÖY FERİKÖY SERBEST (DÖVİZ) FON,55.914228,2414168141.0,28761,134986348762.52,,0.035352335762461884
2026-10-01,YAT,YP4,YAPI KREDİ PORTFÖY FERİKÖY SERBEST (DÖVİZ) FON,55.942123,2408546934.0,28701,134739227826.49,,0.04988891199571022
2026-10-02,YAT,YP4,YAPI KREDİ PORTFÖY FERİKÖY SERBEST (DÖVİZ) FON,55.966131,2405066714.0,28654,134602278233.98,,0.04291578279929098
2026-10-05,YAT,YP4,YAPI KREDİ PORTFÖY FERİKÖY SERBEST (DÖVİZ) FON,56.003381,2405041269.0,28601,134690442678.27,,0.06655811172653348
2026-10-06,YAT,YP4,YAPI KREDİ PORTFÖY FERİKÖY SERBEST (DÖVİZ) FON,56.127992,2401143044.0,28591,134771337338.63,,0.22250620904478158
2026-10-07,YAT,YP4,YAPI KREDİ PORTFÖY FERİKÖY SERBEST (DÖVİZ) FON,56.154992,2390051708.0,28565,134213335245.42,,0.048104339809618146
2026-09-02,YAT,YPT,YAPI KREDİ PORTFÖY PARA PİYASASI SERBEST (TL) FON,4.192167,30647521504.0,19368,128479516173.45,,
2026-09-03,YAT,YPT,YAPI KREDİ PORTFÖY PARA PİYASASI SERBEST (TL) FON,4.19645,25682611810.0,19260,107775805927.02,,0.10216673143028654
2026-09-04,YAT,YPT,YAPI KREDİ PORTFÖY PARA PİYASASI SERBEST (TL) FON,4.200677,31299777061.0,19317,131480265361.35,,0.10072799628257911
2026-09-07,YAT,YPT,YAPI KREDİ PORTFÖY PARA PİYASASI SERBEST (TL) FON,4.213371,32801231380.0,19326,138203767133.89,,0.3021893851872237
2026-09-08,YAT,YPT,YAPI KREDİ PORTFÖY PARA PİYASASI SERBEST (TL) FON,4.217633,28317501156.0,19246,119432835658.45,,0.10115415898575009
2026-09-09,YAT,YPT,YAPI KREDİ PORTFÖY PARA PİYASASI SERBEST (TL) FON,4.221928,25089899566.0,19252,105927757206.0,,0.10183437013129293
2026-09-10,YAT,YPT,YAPI KREDİ PORTFÖY PARA PİYASASI SERBEST (TL) FON,4.226181,27102940005.0,19258,114541940855.22,,0.10073596707476096
2026-09-11,YAT,YPT,YAPI KREDİ PORTFÖY PARA PİYASASI SERBEST (TL) FON,4.230437,27079793008.0,19253,114559349137.47,,0.1007055779201016
2026-09-14,YAT,YPT,YAPI KREDİ PORTFÖY PARA PİYASASI SERBEST (TL) FON,4.243236,26725180695.0,19243,113401243426.7,,0.30254557626077094
2026-09-15,YAT,YPT,YAPI KREDİ PORTFÖY PARA PİYASASI SERBEST (TL) FON,4.247498,26266598615.0,19193,111567316733.36,,0.10044220967206918
2026-09-16,YAT,YPT,YAPI KREDİ PORTFÖY PARA PİYASASI SERBEST (TL) FON,4.251737,30337144123.0,19329,128985560559.14,,0.09979992927602321
2026-09-17,YAT,YPT,YAPI KREDİ PORTFÖY PARA PİYASASI SERBEST (TL) FON,4.255963,30389238562.0,19322,129335485017.27,,0.09939467093096344
2026-09-18,YAT,YPT,YAPI KREDİ PORTFÖY PARA PİYASASI SERBEST (TL) FON,4.260194,30311464844.0,19305,129132720574.45,,0.09941345824668879
2026-09-21,YAT,YPT,YAPI KREDİ PORTFÖY PARA PİYASASI SERBEST (TL) FON,4.272823,32418054464.0,19292,138516624280.57,,0.2964418991247664
2026-09-22,YAT,YPT,YAPI KREDİ PORTFÖY PARA PİYASASI SERBEST (TL) FON,4.277025,31861117925.0,19224,136270800100.39,,0.09834247756108638
2026-09-23,YAT,YPT,YAPI KREDİ PORTFÖY PARA PİYASASI SERBEST (TL) FON,4.281233,31488927292.0,19210,134811438935.0,,0.09838614457480244
2026-09-24,YAT,YPT,YAPI KREDİ PORTFÖY PARA PİYASASI SERBEST (TL) FON,4.285431,30457043654.0,19186,130521546158.01,,0.09805586381306242
2026-09-25,YAT,YPT,YAPI KREDİ PORTFÖY PARA PİYASASI SERBEST (TL) FON,4.28963,30382367418.0,19156,130329099812.21,,0.09798314335243141
2026-09-28,YAT,YPT,YAPI KREDİ PORTFÖY PARA PİYASASI SERBEST (TL) FON,4.302277,30049634375.0,19133,129281863345.92,,0.29482729279681763
2026-09-29,YAT,YPT,YAPI KREDİ PORTFÖY PARA PİYASASI SERBEST (TL) FON,4.306505,28744964987.0,19035,123790329185.14,,0.09827354212663675
2026-09-30,YAT,YPT,YAPI KREDİ PORTFÖY PARA PİYASASI SERBEST (TL) FON,4.310711,29032622829.0,19029,125151236886.04,,0.09766620496205469
2026-10-01,YAT,YPT,YAPI KREDİ PORTFÖY PARA PİYASASI SERBEST (TL) FON,4.314919,28473091704.0,18945,122859096187.5,,0.09761730721449258
2026-10-02,YAT,YPT,YAPI KREDİ PORTFÖY PARA PİYASASI SERBEST (TL) FON,4.319123,28367895532.0,19004,122524419115.32,,0.09742940713373116
2026-10-05,YAT,YPT,YAPI KREDİ PORTFÖY PARA PİYASASI SERBEST (TL) FON,4.33177,28047072972.0,19031,121493475389.76,,0.2928140735978024
2026-10-06,YAT,YPT,YAPI KREDİ PORTFÖY PARA PİYASASI SERBEST (TL) FON,4.335986,27748058528.0,18956,120315195643.01,,0.09732742043091491
2026-10-07,YAT,YPT,YAPI KREDİ PORTFÖY PARA PİYASASI SERBEST (TL) FON,4.340208,27550188852.0,18963,119573540151.71,,0.09737116309875837
2026-09-02,YAT,YVD,YAPI KREDİ PORTFÖY İKİNCİ PARA PİYASASI (TL) FONU,4.470145,10579465152.0,82282,47291739487.38,,
2026-09-03,YAT,YVD,YAPI KREDİ PORTFÖY İKİNCİ PARA PİYASASI (TL) FONU,4.474911,17017683360.0,82698,76152614723.77,,0.10661846539654629
2026-09-04,YAT,YVD,YAPI KREDİ PORTFÖY İKİNCİ PARA PİYASASI (TL) FONU,4.477968,11130414332.0,82732,49841640881.65,,0.06831420781330255
2026-09-07,YAT,YVD,YAPI KREDİ PORTFÖY İKİNCİ PARA PİYASASI (TL) FONU,4.490475,10665622809.0,82773,47893711496.21,,0.27930079000118013
2026-09-08,YAT,YVD,YAPI KREDİ PORTFÖY İKİNCİ PARA PİYASASI (TL) FONU,4.495405,15895475606.0,82794,71456608426.65,,0.10978794002860504
2026-09-09,YAT,YVD,YAPI KREDİ PORTFÖY İKİNCİ PARA PİYASASI (TL) FONU,4.500155,16515130223.0,82944,74320649444.48,,0.10566344967806174
2026-09-10,YAT,YVD,YAPI KREDİ PORTFÖY İKİNCİ PARA PİYASASI (TL) FONU,4.504901,14916562456.0,83013,67197632573.52,,0.1054630340510565
2026-09-11,YAT,YVD,YAPI KREDİ PORTFÖY İKİNCİ PARA PİYASASI (TL) FONU,4.509703,14495933388.0,83008,65372353611.88,,0.10659501729337606
2026-09-14,YAT,YVD,YAPI KREDİ PORTFÖY İKİNCİ PARA PİYASASI (TL) FONU,4.523038,14691133723.0,83143,66448554882.29,,0.2956957475913624
2026-09-15,YAT,YVD,YAPI KREDİ PORTFÖY İKİNCİ PARA PİYASASI (TL) FONU,4.527615,14690515785.0,82843,66512994653.54,,0.10119304768168025
2026-09-16,YAT,YVD,YAPI KREDİ PORTFÖY İKİNCİ PARA PİYASASI (TL) FONU,4.531207,10438828257.0,82937,47300494769.18,,0.07933536751689729
2026-09-17,YAT,YVD,YAPI KREDİ PORTFÖY İKİNCİ PARA PİYASASI (TL) FONU,4.533327,9908703765.0,82736,44919396472.13,,0.04678665088573286
2026-09-18,YAT,YVD,YAPI KREDİ PORTFÖY İKİNCİ PARA PİYASASI (TL) FONU,4.537399,9568202401.0,82167,43414752146.68,,0.08982365490068922
2026-09-21,YAT,YVD,YAPI KREDİ PORTFÖY İKİNCİ PARA PİYASASI (TL) FONU,4.550993,9368578307.0,81920,42636333251.97,,0.29959895526050495
2026-09-22,YAT,YVD,YAPI KREDİ PORTFÖY İKİNCİ PARA PİYASASI (TL) FONU,4.554723,9215478573.0,81493,41973952609.68,,0.0819601348540866
2026-09-23,YAT,YVD,YAPI KREDİ PORTFÖY İKİNCİ PARA PİYASASI (TL) FONU,4.559693,9181878282.0,81351,41866549355.25,,0.10911750286461963
2026-09-24,YAT,YVD,YAPI KREDİ PORTFÖY İKİNCİ PARA PİYASASI (TL) FONU,4.565254,9427382623.0,81345,43038399919.11,,0.12195996528714392
2026-09-25,YAT,YVD,YAPI KREDİ PORTFÖY İKİNCİ PARA PİYASASI (TL) FONU,4.569694,9782368551.0,81391,44702428622.92,,0.09725636295372375
2026-09-28,YAT,YVD,YAPI KREDİ PORTFÖY İKİNCİ PARA PİYASASI (TL) FONU,4.582808,9607087517.0,81360,44027440656.72,,0.28697764007830084
2026-09-29,YAT,YVD,YAPI KREDİ PORTFÖY İKİNCİ PARA PİYASASI (TL) FONU,4.586882,9997986425.0,80992,45859580061.62,,0.08889746199274295
2026-09-30,YAT,YVD,YAPI KREDİ PORTFÖY İKİNCİ PARA PİYASASI (TL) FONU,4.591542,9882003812.0,80793,45373639234.54,,0.10159406760408274
2026-10-01,YAT,YVD,YAPI KREDİ PORTFÖY İKİNCİ PARA PİYASASI (TL) FONU,4.595436,9604243931.0,80728,44135686888.08,,0.08480811021658319
2026-10-02,YAT,YVD,YAPI KREDİ PORTFÖY İKİNCİ PARA PİYASASI (TL) FONU,4.599854,9603185512.0,80961,44173254549.45,,0.09613886473447408
2026-10-05,YAT,YVD,YAPI KREDİ PORTFÖY İKİNCİ PARA PİYASASI (TL) FONU,4.613298,9780467514.0,80996,45120211250.65,,0.29227014596551193
2026-10-06,YAT,YVD,YAPI KREDİ PORTFÖY İKİNCİ PARA PİYASASI (TL) FONU,4.617651,9390441521.0,80920,43361783444.07,,0.09435765909768801
2026-10-07,YAT,YVD,YAPI KREDİ PORTFÖY İKİNCİ PARA PİYASASI (TL) FONU,4.622209,9493372342.0,81044,43880347415.32,,0.09870819600701353
2026-09-02,YAT,ZP8,ZİRAAT PORTFÖY KEHRİBAR PARA PİYASASI KATILIM SERBEST (TL) FON,4.128851,15032656860.0,4323,62067596689.02,,
2026-09-03,YAT,ZP8,ZİRAAT PORTFÖY KEHRİBAR PARA PİYASASI KATILIM SERBEST (TL) FON,4.133101,15061124168.0,4319,62249152933.97,,0.10293420615081761
2026-09-04,YAT,ZP8,ZİRAAT PORTFÖY KEHRİBAR PARA PİYASASI KATILIM SERBEST (TL) FON,4.137362,14876707218.0,4316,61550328731.11,,0.10309450458627634
2026-09-07,YAT,ZP8,ZİRAAT PORTFÖY KEHRİBAR PARA PİYASASI KATILIM SERBEST (TL) FON,4.150057,14833060470.0,4315,61558039524.65,,0.30683802867623733
2026-09-08,YAT,ZP8,ZİRAAT PORTFÖY KEHRİBAR PARA PİYASASI KATILIM SERBEST (TL) FON,4.154337,14851564238.0,4313,61698399525.12,,0.10313111362083571
2026-09-09,YAT,ZP8,ZİRAAT PORTFÖY KEHRİBAR PARA PİYASASI KATILIM SERBEST (TL) FON,4.15853,14818529456.0,4316,61623303722.65,,0.10093066595222577
2026-09-10,YAT,ZP8,ZİRAAT PORTFÖY KEHRİBAR PARA PİYASASI KATILIM SERBEST (TL) FON,4.162793,14467284326.0,4302,60224306752.78,,0.10251218579642174
2026-09-11,YAT,ZP8,ZİRAAT PORTFÖY KEHRİBAR PARA PİYASASI KATILIM SERBEST (TL) FON,4.167016,14081941146.0,4277,58679674836.57,,0.10144631260791126
2026-09-14,YAT,ZP8,ZİRAAT PORTFÖY KEHRİBAR PARA PİYASASI KATILIM SERBEST (TL) FON,4.179635,14159293803.0,4262,59180677141.92,,0.30283061068159256
2026-09-15,YAT,ZP8,ZİRAAT PORTFÖY KEHRİBAR PARA PİYASASI KATILIM SERBEST (TL) FON,4.183845,13777226053.0,4237,57641777113.15,,0.10072649884498297
2026-09-16,YAT,ZP8,ZİRAAT PORTFÖY KEHRİBAR PARA PİYASASI KATILIM SERBEST (TL) FON,4.188025,13550939876.0,4270,56751678789.03,,0.09990809888988927
2026-09-17,YAT,ZP8,ZİRAAT PORTFÖY KEHRİBAR PARA PİYASASI KATILIM SERBEST (TL) FON,4.192194,13500925808.0,4259,56598498197.95,,0.09954572859522948
2026-09-18,YAT,ZP8,ZİRAAT PORTFÖY KEHRİBAR PARA PİYASASI KATILIM SERBEST (TL) FON,4.196377,13300563950.0,4229,55814178166.02,,0.09978068763039083
2026-09-21,YAT,ZP8,ZİRAAT PORTFÖY KEHRİBAR PARA PİYASASI KATILIM SERBEST (TL) FON,4.208918,13461420080.0,4228,56658009926.82,,0.29885303441514743
2026-09-22,YAT,ZP8,ZİRAAT PORTFÖY KEHRİBAR PARA PİYASASI KATILIM SERBEST (TL) FON,4.213102,13056492237.0,4227,55008327342.94,,0.09940797135987722
2026-09-23,YAT,ZP8,ZİRAAT PORTFÖY KEHRİBAR PARA PİYASASI KATILIM SERBEST (TL) FON,4.217278,13004848870.0,4253,54845064188.78,,0.09911936620570216
2026-09-24,YAT,ZP8,ZİRAAT PORTFÖY KEHRİBAR PARA PİYASASI KATILIM SERBEST (TL) FON,4.221447,13042951302.0,4290,55060124256.44,,0.09885523316224276
2026-09-25,YAT,ZP8,ZİRAAT PORTFÖY KEHRİBAR PARA PİYASASI KATILIM SERBEST (TL) FON,4.225611,12951879462.0,4312,54729602812.44,,0.09863916330110634
2026-09-28,YAT,ZP8,ZİRAAT PORTFÖY KEHRİBAR PARA PİYASASI KATILIM SERBEST (TL) FON,4.238092,12913093175.0,4308,54726882647.82,,0.29536556961822225
2026-09-29,YAT,ZP8,ZİRAAT PORTFÖY KEHRİBAR PARA PİYASASI KATILIM SERBEST (TL) FON,4.242259,12697554206.0,4283,53866318530.64,,0.0983225470329474
2026-09-30,YAT,ZP8,ZİRAAT PORTFÖY KEHRİBAR PARA PİYASASI KATILIM SERBEST (TL) FON,4.246433,12746946405.0,4271,54129057410.59,,0.0983909751856249
2026-10-01,YAT,ZP8,ZİRAAT PORTFÖY KEHRİBAR PARA PİYASASI KATILIM SERBEST (TL) FON,4.250629,12418386603.0,4273,52785954820.47,,0.09881234438411379
2026-10-02,YAT,ZP8,ZİRAAT PORTFÖY KEHRİBAR PARA PİYASASI KATILIM SERBEST (TL) FON,4.254816,12008562598.0,4311,51094227488.94,,0.09850306860466063
2026-10-05,YAT,ZP8,ZİRAAT PORTFÖY KEHRİBAR PARA PİYASASI KATILIM SERBEST (TL) FON,4.267373,12076332319.0,4330,51534214038.27,,0.2951243955085392
2026-10-06,YAT,ZP8,ZİRAAT PORTFÖY KEHRİBAR PARA PİYASASI KATILIM SERBEST (TL) FON,4.271564,12010125677.0,4334,51302020712.44,,0.09821030409105092
2026-10-07,YAT,ZP8,ZİRAAT PORTFÖY KEHRİBAR PARA PİYASASI KATILIM SERBEST (TL) FON,4.275772,11700441284.0,4486,50028420787.51,,0.09851192677905463
